<?xml version="1.0" encoding="utf-8"?>
<!--/12982192/1216038/2.50/4/4/Switch/-->
<quadcept_library>
  <setting unit="mil" />
  <textstyle name="Default" height="47.244094488189" strokewidth="7.8740157480315" charwidth="47.244094488189" />
  <textstyle name="Dimension" height="19.6850393700787" strokewidth="0" charwidth="19.6850393700787" />
  <textstyle name="H127W0635TH00762" height="50" strokewidth="3" charwidth="25" />
  <textstyle name="H15W15TH02" height="59.0551181102362" strokewidth="7.8740157480315" charwidth="59.0551181102362" />
  <padstyle name="c224.8_h149.86" surface="False" plated="True" isvia="False" nopaste="True" nomask="True" complex="False" holesize="58.999999999999">
    <padshape layer="TOP" shape="round" width="88.503937007873" height="88.503937007873" />
    <padshape layer="TOP_SOLDER_MASK" shape="round" width="96.377952755904" height="96.377952755904" />
    <padshape layer="INNER" shape="round" width="88.503937007873" height="88.503937007873" />
    <padshape layer="BOTTOM" shape="round" width="88.503937007873" height="88.503937007873" />
    <padshape layer="BOTTOM_SOLDER_MASK" shape="round" width="96.377952755904" height="96.377952755904" />
  </padstyle>
  <padstyle name="c255.3_h170.18" surface="False" plated="True" isvia="False" nopaste="True" nomask="True" complex="False" holesize="66.999999999999">
    <padshape layer="TOP" shape="round" width="100.51181102362" height="100.51181102362" />
    <padshape layer="TOP_SOLDER_MASK" shape="round" width="108.38582677165" height="108.38582677165" />
    <padshape layer="INNER" shape="round" width="100.51181102362" height="100.51181102362" />
    <padshape layer="BOTTOM" shape="round" width="100.51181102362" height="100.51181102362" />
    <padshape layer="BOTTOM_SOLDER_MASK" shape="round" width="108.38582677165" height="108.38582677165" />
  </padstyle>
  <padstyle name="c199.4_h398.78" surface="False" plated="True" isvia="False" nopaste="True" nomask="True" complex="False" holesize="157">
    <padshape layer="TOP" shape="round" width="78.503937007873" height="78.503937007873" />
    <padshape layer="TOP_SOLDER_MASK" shape="round" width="86.377952755904" height="86.377952755904" />
    <padshape layer="INNER" shape="round" width="78.503937007873" height="78.503937007873" />
    <padshape layer="BOTTOM" shape="round" width="78.503937007873" height="78.503937007873" />
    <padshape layer="BOTTOM_SOLDER_MASK" shape="round" width="86.377952755904" height="86.377952755904" />
  </padstyle>
  <footprint name="MX1A11NW" originx="0" originy="0" pickpointx="0" pickpointy="0">
    <pcbpin number="1" name="1" style="c224.8_h149.86" originx="0" originy="0" rotation="90" />
    <pcbpin number="2" name="2" style="c224.8_h149.86" originx="250" originy="99.999999999999" rotation="90" />
    <pcbpin number="3" name="MH1" style="c255.3_h170.18" originx="-49.999999999999" originy="-99.999999999999" rotation="90" />
    <pcbpin number="4" name="MH2" style="c255.3_h170.18" originx="350" originy="-99.999999999999" rotation="90" />
    <pcbpin number="5" name="MH3" style="c199.4_h398.78" originx="150" originy="-99.999999999999" rotation="90" />
    <line layer="TOP_ASSEMBLY" originx="-157.08661417323" originy="207.08661417323" endx="457.08661417322" endy="207.08661417323" width="7.8740157480314" />
    <line layer="TOP_ASSEMBLY" originx="457.08661417322" originy="207.08661417323" endx="457.08661417322" endy="-407.08661417322" width="7.8740157480314" />
    <line layer="TOP_ASSEMBLY" originx="457.08661417322" originy="-407.08661417322" endx="-157.08661417323" endy="-407.08661417322" width="7.8740157480314" />
    <line layer="TOP_ASSEMBLY" originx="-157.08661417323" originy="-407.08661417322" endx="-157.08661417323" endy="207.08661417323" width="7.8740157480314" />
    <line layer="TOP_SILKSCREEN" originx="-157.08661417323" originy="207.08661417323" endx="457.08661417322" endy="207.08661417323" width="3.9370078740157" />
    <line layer="TOP_SILKSCREEN" originx="457.08661417322" originy="207.08661417323" endx="457.08661417322" endy="-407.08661417322" width="3.9370078740157" />
    <line layer="TOP_SILKSCREEN" originx="457.08661417322" originy="-407.08661417322" endx="-157.08661417323" endy="-407.08661417322" width="3.9370078740157" />
    <line layer="TOP_SILKSCREEN" originx="-157.08661417323" originy="-407.08661417322" endx="-157.08661417323" endy="207.08661417323" width="3.9370078740157" />
    <line layer="TOP_PLACE_BOUND" originx="-196.45669291338" originy="246.45669291338" endx="496.45669291338" endy="246.45669291338" width="3.9370078740157" />
    <line layer="TOP_PLACE_BOUND" originx="496.45669291338" originy="246.45669291338" endx="496.45669291338" endy="-446.45669291338" width="3.9370078740157" />
    <line layer="TOP_PLACE_BOUND" originx="496.45669291338" originy="-446.45669291338" endx="-196.45669291338" endy="-446.45669291338" width="3.9370078740157" />
    <line layer="TOP_PLACE_BOUND" originx="-196.45669291338" originy="-446.45669291338" endx="-196.45669291338" endy="246.45669291338" width="3.9370078740157" />
  </footprint>
  <symbol name="MX1A-11NW" originx="0" originy="0">
    <line originx="200" originy="100" endx="700" endy="100" width="0" />
    <line originx="700" originy="-200" endx="700" endy="100" width="0" />
    <line originx="700" originy="-200" endx="200" endy="-200" width="0" />
    <line originx="200" originy="100" endx="200" endy="-200" width="0" />
    <sympin number="1" originx="200" originy="0" rotation="180" length="100" width="7.8740157480315" flipped="False">
      <text name="pinname" originx="230" originy="0" style="Default" rotation="0" justify="left" flipped="False" hidden="False" data="1" />
      <text name="pindes" originx="140" originy="20" style="Default" rotation="0" justify="lowerright" flipped="False" hidden="False" data="1" />
    </sympin>
    <sympin number="2" originx="200" originy="-100" rotation="180" length="100" width="7.8740157480315" flipped="False">
      <text name="pinname" originx="230" originy="-100" style="Default" rotation="0" justify="left" flipped="False" hidden="False" data="2" />
      <text name="pindes" originx="140" originy="-80" style="Default" rotation="0" justify="lowerright" flipped="False" hidden="False" data="2" />
    </sympin>
    <sympin number="3" originx="700" originy="0" rotation="0" length="100" width="7.8740157480315" flipped="False">
      <text name="pinname" originx="670" originy="0" style="Default" rotation="0" justify="right" flipped="False" hidden="False" data="MH1" />
      <text name="pindes" originx="760" originy="20" style="Default" rotation="0" justify="lowerleft" flipped="False" hidden="False" data="MH1" />
    </sympin>
    <sympin number="4" originx="700" originy="-100" rotation="0" length="100" width="7.8740157480315" flipped="False">
      <text name="pinname" originx="670" originy="-100" style="Default" rotation="0" justify="right" flipped="False" hidden="False" data="MH2" />
      <text name="pindes" originx="760" originy="-80" style="Default" rotation="0" justify="lowerleft" flipped="False" hidden="False" data="MH2" />
    </sympin>
  </symbol>
  <component name="MX1A-11NW" designatorprefix="S" height="598.42519685039" footprint="MX1A11NW">
    <comppin designator="1" sympin="1" pinswap="0" gateswap="0" gate="1" group="1" side="" type="Any" name="1" />
    <comppin designator="2" sympin="2" pinswap="0" gateswap="0" gate="1" group="1" side="" type="Any" name="2" />
    <comppin designator="MH1" sympin="3" pinswap="0" gateswap="0" gate="1" group="1" side="" type="Any" name="MH1" />
    <comppin designator="MH2" sympin="4" pinswap="0" gateswap="0" gate="1" group="1" side="" type="Any" name="MH2" />
    <attached_symbol gate="1" name="MX1A-11NW" />
    <pinmap designator="1" footprintpin="1" />
    <pinmap designator="2" footprintpin="2" />
    <pinmap designator="MH1" footprintpin="3" />
    <pinmap designator="MH2" footprintpin="4" />
    <text name="Datasheet" originx="0" originy="0" style="Default" rotation="0" justify="" flipped="False" hidden="True" data="https://media.digikey.com/pdf/Data Sheets/Cherry PDFs/MX Series.pdf" />
    <text name="Description" originx="0" originy="0" style="Default" rotation="0" justify="" flipped="False" hidden="True" data="CHERRY - MX1A-11NW - Tactile Switch, MX Series, Top Actuated, Surface Mount, Plunger for Cap, 59.5 gf, 10mA at 12VDC" />
    <text name="Mouser Part Number" originx="0" originy="0" style="Default" rotation="0" justify="" flipped="False" hidden="True" data="540-MX1A-11NW" />
    <text name="Mouser Price/Stock" originx="0" originy="0" style="Default" rotation="0" justify="" flipped="False" hidden="True" data="https://www.mouser.co.uk/ProductDetail/CHERRY/MX1A-11NW?qs=5iusCjFLgR7487Rvpe7dvw%3D%3D" />
    <text name="Manufacturer_Name" originx="0" originy="0" style="Default" rotation="0" justify="" flipped="False" hidden="True" data="Cherry" />
    <text name="Manufacturer_Part_Number" originx="750" originy="200" style="Default" rotation="0" justify="left" flipped="False" hidden="False" data="MX1A-11NW" />
  </component>
</quadcept_library>
